filename,predict_value,width,min_index,dir_level1,dir_level2,dir_level3
WIN_20250730_18_37_39_Pro (2).jpg,4.2,78,215,soyimage,6,1
WIN_20250730_18_37_42_Pro.jpg,4.0,80,213,soyimage,6,1
WIN_20250730_18_37_50_Pro (3).jpg,5.9,91,282,soyimage,6,1
WIN_20250730_18_37_50_Pro.jpg,6.0,92,290,soyimage,6,1
WIN_20250730_18_37_51_Pro.jpg,5.7,83,274,soyimage,6,1
WIN_20250730_18_37_56_Pro (2).jpg,5.8,87,277,soyimage,6,1
WIN_20250730_18_37_56_Pro (3).jpg,5.7,84,276,soyimage,6,1
WIN_20250730_18_37_56_Pro.jpg,5.8,85,279,soyimage,6,1
WIN_20250730_18_37_57_Pro (2).jpg,5.8,86,283,soyimage,6,1
WIN_20250730_18_37_57_Pro.jpg,5.8,85,284,soyimage,6,1
WIN_20250730_18_39_38_Pro (2).jpg,6.0,101,291,soyimage,6,2
WIN_20250730_18_39_38_Pro.jpg,5.9,86,283,soyimage,6,2
WIN_20250730_18_39_39_Pro (2).jpg,6.0,87,287,soyimage,6,2
WIN_20250730_18_39_39_Pro.jpg,5.9,96,285,soyimage,6,2
WIN_20250730_18_39_40_Pro (2).jpg,6.0,92,288,soyimage,6,2
WIN_20250730_18_39_40_Pro.jpg,6.0,86,290,soyimage,6,2
WIN_20250730_18_39_41_Pro (2).jpg,5.9,92,284,soyimage,6,2
WIN_20250730_18_39_41_Pro (3).jpg,6.0,97,287,soyimage,6,2
WIN_20250730_18_39_41_Pro.jpg,5.9,89,283,soyimage,6,2
WIN_20250730_18_39_42_Pro (2).jpg,6.0,97,289,soyimage,6,2
WIN_20250730_18_39_42_Pro.jpg,5.9,99,285,soyimage,6,2
WIN_20250730_18_39_43_Pro (2).jpg,5.8,89,282,soyimage,6,2
WIN_20250730_18_39_43_Pro.jpg,5.9,96,286,soyimage,6,2
WIN_20250730_18_39_44_Pro (2).jpg,5.8,90,280,soyimage,6,2
WIN_20250730_18_39_44_Pro.jpg,5.8,88,283,soyimage,6,2
WIN_20250730_18_39_45_Pro (2).jpg,6.0,87,285,soyimage,6,2
WIN_20250730_18_39_45_Pro.jpg,6.1,100,290,soyimage,6,2
WIN_20250730_18_39_51_Pro (2).jpg,5.9,80,292,soyimage,6,2
WIN_20250730_18_39_53_Pro (2).jpg,5.9,84,291,soyimage,6,2
WIN_20250730_18_39_54_Pro (2).jpg,5.8,94,286,soyimage,6,2
WIN_20250730_18_39_55_Pro (2).jpg,5.9,86,289,soyimage,6,2
WIN_20250730_18_39_56_Pro.jpg,5.9,86,292,soyimage,6,2
WIN_20250730_18_39_57_Pro.jpg,5.8,76,285,soyimage,6,2
WIN_20250730_18_39_58_Pro (2).jpg,5.8,88,285,soyimage,6,2
WIN_20250730_18_39_58_Pro.jpg,5.8,80,285,soyimage,6,2
WIN_20250730_18_39_59_Pro.jpg,5.8,82,279,soyimage,6,2
WIN_20250730_18_40_00_Pro.jpg,5.9,89,285,soyimage,6,2
WIN_20250730_18_40_01_Pro (2).jpg,5.9,87,284,soyimage,6,2
WIN_20250730_18_40_01_Pro.jpg,6.0,87,283,soyimage,6,2
WIN_20250730_18_40_02_Pro.jpg,5.9,88,283,soyimage,6,2
WIN_20250730_18_40_03_Pro.jpg,5.9,89,279,soyimage,6,2
WIN_20250730_18_40_04_Pro (2).jpg,5.9,87,280,soyimage,6,2
WIN_20250730_18_40_04_Pro.jpg,5.9,88,281,soyimage,6,2
WIN_20250730_18_40_05_Pro.jpg,5.9,88,281,soyimage,6,2
WIN_20250730_18_40_06_Pro (2).jpg,5.9,89,279,soyimage,6,2
WIN_20250730_18_40_06_Pro.jpg,5.8,86,277,soyimage,6,2
WIN_20250730_18_40_07_Pro.jpg,5.9,91,278,soyimage,6,2
WIN_20250730_18_40_08_Pro (2).jpg,5.9,85,279,soyimage,6,2
WIN_20250730_18_40_08_Pro.jpg,5.8,75,272,soyimage,6,2
WIN_20250730_18_40_09_Pro (2).jpg,5.9,93,279,soyimage,6,2
WIN_20250730_18_40_09_Pro.jpg,5.9,92,281,soyimage,6,2
WIN_20250730_18_40_10_Pro (2).jpg,6.0,89,282,soyimage,6,2
WIN_20250730_18_40_10_Pro.jpg,5.9,78,276,soyimage,6,2
WIN_20250730_18_40_11_Pro (2).jpg,5.7,90,274,soyimage,6,2
WIN_20250730_18_40_11_Pro.jpg,5.9,87,281,soyimage,6,2
WIN_20250730_18_40_12_Pro.jpg,5.8,82,276,soyimage,6,2
WIN_20250730_18_40_13_Pro (2).jpg,5.8,85,273,soyimage,6,2
WIN_20250730_18_40_13_Pro (3).jpg,5.9,84,271,soyimage,6,2
WIN_20250730_18_40_13_Pro.jpg,5.9,86,279,soyimage,6,2
WIN_20250730_18_40_14_Pro.jpg,5.9,93,280,soyimage,6,2
WIN_20250730_18_40_15_Pro.jpg,5.8,85,277,soyimage,6,2
WIN_20250730_18_40_16_Pro.jpg,5.9,84,280,soyimage,6,2
WIN_20250730_18_40_17_Pro (2).jpg,5.9,88,283,soyimage,6,2
WIN_20250730_18_40_17_Pro.jpg,5.8,80,278,soyimage,6,2
WIN_20250730_18_40_18_Pro.jpg,5.7,81,275,soyimage,6,2
WIN_20250730_18_40_19_Pro.jpg,5.8,84,279,soyimage,6,2
WIN_20250730_18_42_12_Pro.jpg,6.0,61,283,soyimage,6,3
WIN_20250730_18_42_13_Pro.jpg,6.1,61,287,soyimage,6,3
WIN_20250730_18_42_14_Pro (2).jpg,6.1,62,287,soyimage,6,3
WIN_20250730_18_42_14_Pro.jpg,6.1,62,286,soyimage,6,3
WIN_20250730_18_42_15_Pro.jpg,6.1,63,286,soyimage,6,3
WIN_20250730_18_42_16_Pro (2).jpg,6.0,61,281,soyimage,6,3
WIN_20250730_18_42_16_Pro.jpg,6.0,64,283,soyimage,6,3
WIN_20250730_18_42_17_Pro (2).jpg,6.0,69,280,soyimage,6,3
WIN_20250730_18_42_17_Pro.jpg,6.0,68,283,soyimage,6,3
WIN_20250730_18_42_18_Pro (2).jpg,6.0,77,284,soyimage,6,3
WIN_20250730_18_42_18_Pro.jpg,6.0,73,283,soyimage,6,3
WIN_20250730_18_42_19_Pro.jpg,6.0,80,283,soyimage,6,3
WIN_20250730_18_42_20_Pro (2).jpg,5.9,76,280,soyimage,6,3
WIN_20250730_18_42_20_Pro.jpg,6.1,84,288,soyimage,6,3
WIN_20250730_18_42_21_Pro (2).jpg,5.9,83,281,soyimage,6,3
WIN_20250730_18_42_21_Pro.jpg,6.1,86,287,soyimage,6,3
WIN_20250730_18_42_22_Pro (2).jpg,6.0,88,284,soyimage,6,3
WIN_20250730_18_42_22_Pro.jpg,6.1,94,288,soyimage,6,3
WIN_20250730_18_42_23_Pro (2).jpg,6.1,97,288,soyimage,6,3
WIN_20250730_18_42_23_Pro.jpg,6.0,96,283,soyimage,6,3
WIN_20250730_18_42_24_Pro (2).jpg,5.9,84,282,soyimage,6,3
WIN_20250730_18_42_24_Pro.jpg,6.0,98,287,soyimage,6,3
WIN_20250730_18_42_25_Pro.jpg,6.0,99,288,soyimage,6,3
WIN_20250730_18_42_26_Pro (2).jpg,5.9,91,284,soyimage,6,3
WIN_20250730_18_42_26_Pro (3).jpg,6.0,97,289,soyimage,6,3
WIN_20250730_18_42_26_Pro.jpg,6.0,100,287,soyimage,6,3
WIN_20250730_18_42_27_Pro (2).jpg,6.1,99,291,soyimage,6,3
WIN_20250730_18_42_27_Pro.jpg,6.0,99,286,soyimage,6,3
WIN_20250730_18_42_28_Pro (2).jpg,5.9,85,282,soyimage,6,3
WIN_20250730_18_42_28_Pro.jpg,6.0,93,288,soyimage,6,3
WIN_20250730_18_42_29_Pro (2).jpg,6.0,86,285,soyimage,6,3
WIN_20250730_18_42_29_Pro.jpg,6.0,90,287,soyimage,6,3
WIN_20250730_18_42_30_Pro (2).jpg,6.0,83,284,soyimage,6,3
WIN_20250730_18_42_30_Pro.jpg,6.0,84,287,soyimage,6,3
WIN_20250730_18_42_31_Pro.jpg,6.0,89,285,soyimage,6,3
WIN_20250730_18_42_32_Pro (2).jpg,6.0,92,284,soyimage,6,3
WIN_20250730_18_42_32_Pro.jpg,6.1,89,285,soyimage,6,3
WIN_20250730_18_42_33_Pro (2).jpg,6.1,104,289,soyimage,6,3
WIN_20250730_18_42_33_Pro (3).jpg,5.9,92,282,soyimage,6,3
WIN_20250730_18_42_33_Pro.jpg,6.0,92,285,soyimage,6,3
WIN_20250730_18_42_34_Pro.jpg,5.9,87,281,soyimage,6,3
WIN_20250730_18_42_35_Pro (2).jpg,5.9,75,281,soyimage,6,3
WIN_20250730_18_42_35_Pro.jpg,6.0,78,282,soyimage,6,3
WIN_20250730_18_42_36_Pro (2).jpg,5.9,62,276,soyimage,6,3
WIN_20250730_18_42_36_Pro.jpg,5.9,69,278,soyimage,6,3
WIN_20250730_18_42_37_Pro (2).jpg,5.8,51,272,soyimage,6,3
WIN_20250730_18_42_37_Pro.jpg,5.8,54,272,soyimage,6,3
WIN_20250730_18_42_38_Pro (2).jpg,5.8,50,277,soyimage,6,3
WIN_20250730_18_42_38_Pro (3).jpg,6.0,51,279,soyimage,6,3
WIN_20250730_18_42_38_Pro.jpg,6.0,57,279,soyimage,6,3
WIN_20250730_18_42_39_Pro (2).jpg,5.9,47,277,soyimage,6,3
WIN_20250730_18_42_39_Pro.jpg,5.9,46,276,soyimage,6,3
WIN_20250730_18_42_40_Pro.jpg,5.7,49,270,soyimage,6,3
WIN_20250730_18_42_41_Pro.jpg,5.9,68,281,soyimage,6,3
WIN_20250730_18_42_42_Pro.jpg,5.9,73,279,soyimage,6,3
WIN_20250730_18_42_43_Pro (2).jpg,5.9,49,276,soyimage,6,3
WIN_20250730_18_42_43_Pro.jpg,5.9,59,275,soyimage,6,3
WIN_20250730_18_42_44_Pro.jpg,5.9,44,275,soyimage,6,3
WIN_20250730_18_42_45_Pro.jpg,5.8,46,276,soyimage,6,3
WIN_20250730_18_42_46_Pro (2).jpg,5.8,47,274,soyimage,6,3
WIN_20250730_18_42_46_Pro.jpg,5.9,46,276,soyimage,6,3
WIN_20250730_18_42_47_Pro (2).jpg,5.9,49,275,soyimage,6,3
WIN_20250730_18_42_47_Pro.jpg,5.9,49,277,soyimage,6,3
WIN_20250730_18_42_48_Pro.jpg,5.8,53,276,soyimage,6,3
WIN_20250730_18_43_17_Pro.jpg,6.5,36,302,soyimage,6,4
WIN_20250730_18_43_18_Pro.jpg,6.5,36,301,soyimage,6,4
WIN_20250730_18_43_19_Pro.jpg,6.5,36,302,soyimage,6,4
WIN_20250730_18_43_20_Pro (2).jpg,6.5,36,301,soyimage,6,4
WIN_20250730_18_43_20_Pro.jpg,6.4,36,302,soyimage,6,4
WIN_20250730_18_43_21_Pro.jpg,6.4,37,300,soyimage,6,4
WIN_20250730_18_43_22_Pro (2).jpg,6.3,35,295,soyimage,6,4
WIN_20250730_18_43_22_Pro (3).jpg,6.3,38,296,soyimage,6,4
WIN_20250730_18_43_22_Pro.jpg,6.4,36,298,soyimage,6,4
WIN_20250730_18_43_24_Pro (2).jpg,6.3,41,294,soyimage,6,4
WIN_20250730_18_43_24_Pro.jpg,6.3,38,294,soyimage,6,4
WIN_20250730_18_43_25_Pro (2).jpg,6.2,39,289,soyimage,6,4
WIN_20250730_18_43_25_Pro.jpg,6.2,39,291,soyimage,6,4
WIN_20250730_18_43_26_Pro (2).jpg,6.1,42,285,soyimage,6,4
WIN_20250730_18_43_26_Pro.jpg,6.1,40,287,soyimage,6,4
WIN_20250730_18_43_27_Pro (2).jpg,6.1,44,284,soyimage,6,4
WIN_20250730_18_43_27_Pro.jpg,6.1,42,284,soyimage,6,4
WIN_20250730_18_43_28_Pro (2).jpg,6.0,45,282,soyimage,6,4
WIN_20250730_18_43_28_Pro.jpg,6.0,45,283,soyimage,6,4
WIN_20250730_18_43_29_Pro (2).jpg,5.9,48,279,soyimage,6,4
WIN_20250730_18_43_29_Pro.jpg,5.9,45,279,soyimage,6,4
WIN_20250730_18_43_30_Pro.jpg,5.9,50,279,soyimage,6,4
WIN_20250730_18_43_31_Pro (2).jpg,6.0,53,282,soyimage,6,4
WIN_20250730_18_43_31_Pro.jpg,6.0,52,278,soyimage,6,4
WIN_20250730_18_43_32_Pro.jpg,6.0,49,282,soyimage,6,4
WIN_20250730_18_43_33_Pro (2).jpg,6.0,45,282,soyimage,6,4
WIN_20250730_18_43_33_Pro.jpg,6.0,49,284,soyimage,6,4
WIN_20250730_18_43_34_Pro (2).jpg,6.1,43,285,soyimage,6,4
WIN_20250730_18_43_34_Pro.jpg,6.0,44,284,soyimage,6,4
WIN_20250730_18_43_35_Pro (2).jpg,6.1,42,286,soyimage,6,4
WIN_20250730_18_43_35_Pro.jpg,6.1,41,284,soyimage,6,4
WIN_20250730_18_43_36_Pro (2).jpg,6.1,44,288,soyimage,6,4
WIN_20250730_18_43_36_Pro.jpg,6.1,43,287,soyimage,6,4
WIN_20250730_18_43_37_Pro.jpg,6.0,39,285,soyimage,6,4
WIN_20250730_18_43_38_Pro (2).jpg,6.1,40,286,soyimage,6,4
WIN_20250730_18_43_38_Pro.jpg,6.2,43,290,soyimage,6,4
WIN_20250730_18_43_39_Pro.jpg,6.0,43,284,soyimage,6,4
WIN_20250730_18_43_40_Pro (2).jpg,5.9,50,280,soyimage,6,4
WIN_20250730_18_43_40_Pro.jpg,6.0,47,284,soyimage,6,4
WIN_20250730_18_43_41_Pro.jpg,6.0,46,283,soyimage,6,4
WIN_20250730_18_43_42_Pro (2).jpg,6.1,41,290,soyimage,6,4
WIN_20250730_18_43_42_Pro.jpg,6.1,43,287,soyimage,6,4
WIN_20250730_18_43_43_Pro (2).jpg,6.3,38,294,soyimage,6,4
WIN_20250730_18_43_43_Pro.jpg,6.2,40,290,soyimage,6,4
WIN_20250730_18_43_44_Pro (2).jpg,6.1,43,286,soyimage,6,4
WIN_20250730_18_43_44_Pro.jpg,6.3,39,295,soyimage,6,4
WIN_20250730_18_43_45_Pro (2).jpg,6.1,42,284,soyimage,6,4
WIN_20250730_18_43_45_Pro.jpg,6.0,41,283,soyimage,6,4
WIN_20250730_18_43_46_Pro.jpg,6.0,40,282,soyimage,6,4
WIN_20250730_18_43_47_Pro (2).jpg,5.9,44,278,soyimage,6,4
WIN_20250730_18_43_47_Pro.jpg,5.9,45,278,soyimage,6,4
WIN_20250730_18_43_48_Pro (2).jpg,6.0,42,279,soyimage,6,4
WIN_20250730_18_43_48_Pro.jpg,5.9,46,278,soyimage,6,4
WIN_20250730_18_43_49_Pro.jpg,6.2,40,289,soyimage,6,4
WIN_20250730_18_43_50_Pro (2).jpg,6.2,38,290,soyimage,6,4
WIN_20250730_18_43_50_Pro.jpg,6.2,38,289,soyimage,6,4
WIN_20250730_18_43_51_Pro (2).jpg,6.3,36,294,soyimage,6,4
WIN_20250730_18_43_51_Pro.jpg,6.4,37,295,soyimage,6,4
WIN_20250730_18_43_52_Pro (2).jpg,6.3,38,294,soyimage,6,4
WIN_20250730_18_43_52_Pro.jpg,6.3,36,296,soyimage,6,4
WIN_20250730_18_43_53_Pro.jpg,6.1,38,288,soyimage,6,4
WIN_20250730_18_43_54_Pro (2).jpg,6.2,37,291,soyimage,6,4
WIN_20250730_18_43_54_Pro.jpg,6.2,39,290,soyimage,6,4
WIN_20250730_18_43_55_Pro (2).jpg,6.3,37,294,soyimage,6,4
WIN_20250730_18_43_55_Pro.jpg,6.2,38,291,soyimage,6,4
WIN_20250730_18_43_56_Pro.jpg,6.3,36,298,soyimage,6,4
WIN_20250730_18_45_36_Pro (2).jpg,6.6,35,307,soyimage,6,5
WIN_20250730_18_45_36_Pro.jpg,6.6,36,309,soyimage,6,5
WIN_20250730_18_45_37_Pro (2).jpg,6.6,36,309,soyimage,6,5
WIN_20250730_18_45_37_Pro.jpg,6.6,35,309,soyimage,6,5
WIN_20250730_18_45_38_Pro (2).jpg,6.5,35,304,soyimage,6,5
WIN_20250730_18_45_38_Pro.jpg,6.6,35,307,soyimage,6,5
WIN_20250730_18_45_39_Pro (2).jpg,6.4,36,303,soyimage,6,5
WIN_20250730_18_45_39_Pro.jpg,6.5,35,303,soyimage,6,5
WIN_20250730_18_45_40_Pro (2).jpg,6.5,35,304,soyimage,6,5
WIN_20250730_18_45_40_Pro.jpg,6.5,36,301,soyimage,6,5
WIN_20250730_18_45_41_Pro (2).jpg,6.5,35,301,soyimage,6,5
WIN_20250730_18_45_41_Pro.jpg,6.5,35,302,soyimage,6,5
WIN_20250730_18_45_42_Pro.jpg,6.4,37,300,soyimage,6,5
WIN_20250730_18_45_43_Pro (2).jpg,6.3,35,298,soyimage,6,5
WIN_20250730_18_45_43_Pro.jpg,6.4,36,299,soyimage,6,5
WIN_20250730_18_45_44_Pro (2).jpg,6.3,36,295,soyimage,6,5
WIN_20250730_18_45_44_Pro.jpg,6.3,36,296,soyimage,6,5
WIN_20250730_18_45_45_Pro (2).jpg,6.3,39,294,soyimage,6,5
WIN_20250730_18_45_45_Pro.jpg,6.3,38,294,soyimage,6,5
WIN_20250730_18_45_46_Pro (2).jpg,6.3,36,295,soyimage,6,5
WIN_20250730_18_45_46_Pro.jpg,6.3,38,295,soyimage,6,5
WIN_20250730_18_45_47_Pro.jpg,6.4,37,298,soyimage,6,5
WIN_20250730_18_45_48_Pro (2).jpg,6.5,36,302,soyimage,6,5
WIN_20250730_18_45_48_Pro.jpg,6.4,37,302,soyimage,6,5
WIN_20250730_18_45_49_Pro.jpg,6.5,35,302,soyimage,6,5
WIN_20250730_18_45_50_Pro (2).jpg,6.5,37,305,soyimage,6,5
WIN_20250730_18_45_50_Pro.jpg,6.5,36,304,soyimage,6,5
WIN_20250730_18_45_51_Pro.jpg,6.5,37,305,soyimage,6,5
WIN_20250730_18_45_52_Pro (2).jpg,6.5,36,301,soyimage,6,5
WIN_20250730_18_45_52_Pro.jpg,6.5,36,303,soyimage,6,5
WIN_20250730_18_45_53_Pro (2).jpg,6.4,37,298,soyimage,6,5
WIN_20250730_18_45_53_Pro.jpg,6.4,36,299,soyimage,6,5
WIN_20250730_18_45_54_Pro (2).jpg,6.4,37,298,soyimage,6,5
WIN_20250730_18_45_54_Pro.jpg,6.3,36,297,soyimage,6,5
WIN_20250730_18_45_55_Pro (2).jpg,6.5,37,305,soyimage,6,5
WIN_20250730_18_45_55_Pro.jpg,6.4,36,301,soyimage,6,5
WIN_20250730_18_45_56_Pro (2).jpg,6.5,38,303,soyimage,6,5
WIN_20250730_18_45_56_Pro.jpg,6.6,36,307,soyimage,6,5
WIN_20250730_18_45_57_Pro.jpg,6.3,38,292,soyimage,6,5
WIN_20250730_18_45_58_Pro (2).jpg,5.9,47,279,soyimage,6,5
WIN_20250730_18_45_58_Pro.jpg,6.1,41,285,soyimage,6,5
WIN_20250730_18_45_59_Pro (2).jpg,5.9,44,280,soyimage,6,5
WIN_20250730_18_45_59_Pro.jpg,5.8,47,274,soyimage,6,5
WIN_20250730_18_46_00_Pro (2).jpg,5.9,43,279,soyimage,6,5
WIN_20250730_18_46_00_Pro.jpg,5.9,45,278,soyimage,6,5
WIN_20250730_18_46_01_Pro (2).jpg,6.1,39,287,soyimage,6,5
WIN_20250730_18_46_01_Pro.jpg,6.0,41,282,soyimage,6,5
WIN_20250730_18_46_02_Pro.jpg,6.3,38,293,soyimage,6,5
WIN_20250730_18_46_03_Pro (2).jpg,6.5,37,303,soyimage,6,5
WIN_20250730_18_46_03_Pro.jpg,6.4,37,300,soyimage,6,5
WIN_20250730_18_46_04_Pro (2).jpg,6.5,36,303,soyimage,6,5
WIN_20250730_18_46_04_Pro.jpg,6.5,36,305,soyimage,6,5
WIN_20250730_18_46_05_Pro (2).jpg,6.5,35,304,soyimage,6,5
WIN_20250730_18_46_05_Pro.jpg,6.5,35,303,soyimage,6,5
WIN_20250730_18_46_07_Pro (2).jpg,6.2,38,293,soyimage,6,5
WIN_20250730_18_46_08_Pro.jpg,6.1,38,289,soyimage,6,5
WIN_20250730_18_46_09_Pro (2).jpg,6.1,36,286,soyimage,6,5
WIN_20250730_18_46_09_Pro.jpg,6.1,37,288,soyimage,6,5
WIN_20250730_18_46_10_Pro (2).jpg,6.3,37,294,soyimage,6,5
WIN_20250730_18_46_10_Pro.jpg,6.2,35,289,soyimage,6,5
WIN_20250730_18_46_11_Pro.jpg,6.4,36,301,soyimage,6,5
WIN_20250730_19_12_51_Pro (2).jpg,7.7,162,354,soyimage,7,1
WIN_20250730_19_12_51_Pro.jpg,7.7,152,356,soyimage,7,1
WIN_20250730_19_12_52_Pro.jpg,7.7,154,354,soyimage,7,1
WIN_20250730_19_12_53_Pro.jpg,7.8,162,356,soyimage,7,1
WIN_20250730_19_12_54_Pro (2).jpg,7.5,153,347,soyimage,7,1
WIN_20250730_19_12_54_Pro.jpg,7.7,162,353,soyimage,7,1
WIN_20250730_19_12_55_Pro.jpg,7.4,150,344,soyimage,7,1
WIN_20250730_19_12_56_Pro (2).jpg,7.4,142,343,soyimage,7,1
WIN_20250730_19_12_56_Pro.jpg,7.5,146,346,soyimage,7,1
WIN_20250730_19_12_57_Pro.jpg,7.6,159,351,soyimage,7,1
WIN_20250730_19_12_58_Pro (2).jpg,7.6,149,355,soyimage,7,1
WIN_20250730_19_12_58_Pro.jpg,7.5,153,350,soyimage,7,1
WIN_20250730_19_12_59_Pro.jpg,7.3,149,345,soyimage,7,1
WIN_20250730_19_13_00_Pro.jpg,7.6,155,356,soyimage,7,1
WIN_20250730_19_13_01_Pro (2).jpg,7.9,157,366,soyimage,7,1
WIN_20250730_19_13_02_Pro.jpg,7.3,146,348,soyimage,7,1
WIN_20250730_19_13_03_Pro.jpg,7.5,156,352,soyimage,7,1
WIN_20250730_19_13_04_Pro (2).jpg,7.0,134,333,soyimage,7,1
WIN_20250730_19_13_04_Pro.jpg,7.5,157,354,soyimage,7,1
WIN_20250730_19_13_05_Pro.jpg,7.5,148,352,soyimage,7,1
WIN_20250730_19_13_06_Pro.jpg,7.8,150,350,soyimage,7,1
WIN_20250730_19_13_07_Pro.jpg,7.4,150,338,soyimage,7,1
WIN_20250730_19_13_08_Pro (2).jpg,7.5,157,352,soyimage,7,1
WIN_20250730_19_13_08_Pro.jpg,7.3,151,344,soyimage,7,1
WIN_20250730_19_13_09_Pro (2).jpg,7.6,157,352,soyimage,7,1
WIN_20250730_19_13_09_Pro.jpg,7.1,139,336,soyimage,7,1
WIN_20250730_19_13_10_Pro.jpg,7.5,146,345,soyimage,7,1
WIN_20250730_19_13_11_Pro.jpg,7.5,152,342,soyimage,7,1
WIN_20250730_19_13_12_Pro.jpg,7.4,138,337,soyimage,7,1
WIN_20250730_19_13_13_Pro.jpg,7.6,169,347,soyimage,7,1
WIN_20250730_19_13_14_Pro (2).jpg,7.7,160,349,soyimage,7,1
WIN_20250730_19_13_14_Pro.jpg,7.6,171,347,soyimage,7,1
WIN_20250730_19_13_15_Pro.jpg,7.5,158,344,soyimage,7,1
WIN_20250730_19_13_16_Pro (2).jpg,7.6,162,345,soyimage,7,1
WIN_20250730_19_13_16_Pro.jpg,7.5,153,340,soyimage,7,1
WIN_20250730_19_13_17_Pro.jpg,6.9,136,321,soyimage,7,1
WIN_20250730_19_13_18_Pro (2).jpg,7.5,145,342,soyimage,7,1
WIN_20250730_19_13_18_Pro.jpg,7.8,176,360,soyimage,7,1
WIN_20250730_19_13_19_Pro.jpg,7.5,153,347,soyimage,7,1
WIN_20250730_19_13_20_Pro (2).jpg,7.4,151,338,soyimage,7,1
WIN_20250730_19_13_20_Pro.jpg,7.2,143,332,soyimage,7,1
WIN_20250730_19_13_21_Pro (2).jpg,7.5,147,346,soyimage,7,1
WIN_20250730_19_13_21_Pro.jpg,7.6,153,344,soyimage,7,1
WIN_20250730_19_13_22_Pro.jpg,7.6,146,349,soyimage,7,1
WIN_20250730_19_13_23_Pro.jpg,7.6,148,347,soyimage,7,1
WIN_20250730_19_13_33_Pro.jpg,7.6,146,352,soyimage,7,1
WIN_20250730_19_13_34_Pro.jpg,7.5,148,343,soyimage,7,1
WIN_20250730_19_13_35_Pro (2).jpg,7.8,171,353,soyimage,7,1
WIN_20250730_19_13_35_Pro.jpg,7.5,146,341,soyimage,7,1
WIN_20250730_19_14_06_Pro.jpg,7.2,134,331,soyimage,7,1
WIN_20250730_19_14_07_Pro (2).jpg,7.6,127,346,soyimage,7,1
WIN_20250730_19_14_07_Pro.jpg,7.5,132,343,soyimage,7,1
WIN_20250730_19_14_08_Pro.jpg,7.5,130,344,soyimage,7,1
WIN_20250730_19_14_09_Pro.jpg,7.5,148,344,soyimage,7,1
WIN_20250730_19_14_10_Pro.jpg,7.4,138,347,soyimage,7,1
WIN_20250730_19_14_11_Pro (2).jpg,7.3,142,347,soyimage,7,1
WIN_20250730_19_14_12_Pro (2).jpg,7.5,124,338,soyimage,7,1
WIN_20250730_19_14_12_Pro.jpg,7.4,140,342,soyimage,7,1
WIN_20250730_19_14_13_Pro.jpg,7.4,141,334,soyimage,7,1
WIN_20250730_19_14_40_Pro.jpg,7.3,137,334,soyimage,7,1
WIN_20250730_19_14_41_Pro (2).jpg,7.3,126,336,soyimage,7,1
WIN_20250730_19_14_41_Pro.jpg,7.3,101,334,soyimage,7,1
WIN_20250730_19_14_42_Pro.jpg,7.2,114,334,soyimage,7,1
WIN_20250730_19_14_43_Pro (2).jpg,7.0,107,330,soyimage,7,1
WIN_20250730_19_14_43_Pro.jpg,7.2,99,330,soyimage,7,1
WIN_20250730_19_14_44_Pro.jpg,7.2,96,334,soyimage,7,1
WIN_20250730_19_14_45_Pro.jpg,7.2,96,331,soyimage,7,1
WIN_20250730_19_14_46_Pro.jpg,7.2,136,330,soyimage,7,1
WIN_20250730_19_14_47_Pro.jpg,7.2,110,329,soyimage,7,1
WIN_20250730_19_14_48_Pro.jpg,7.3,116,333,soyimage,7,1
WIN_20250730_19_15_45_Pro.jpg,7.6,42,349,soyimage,7,2
WIN_20250730_19_15_46_Pro.jpg,7.6,42,348,soyimage,7,2
WIN_20250730_19_15_47_Pro (2).jpg,7.5,43,345,soyimage,7,2
WIN_20250730_19_15_47_Pro.jpg,7.6,43,347,soyimage,7,2
WIN_20250730_19_15_48_Pro.jpg,7.5,44,345,soyimage,7,2
WIN_20250730_19_15_49_Pro.jpg,7.6,49,346,soyimage,7,2
WIN_20250730_19_15_50_Pro (2).jpg,7.5,48,344,soyimage,7,2
WIN_20250730_19_15_50_Pro.jpg,7.5,47,344,soyimage,7,2
WIN_20250730_19_15_51_Pro.jpg,7.5,47,341,soyimage,7,2
WIN_20250730_19_15_52_Pro (2).jpg,7.4,49,336,soyimage,7,2
WIN_20250730_19_15_52_Pro.jpg,7.4,48,340,soyimage,7,2
WIN_20250730_19_15_53_Pro (2).jpg,7.3,50,333,soyimage,7,2
WIN_20250730_19_15_53_Pro.jpg,7.5,49,339,soyimage,7,2
WIN_20250730_19_15_54_Pro (2).jpg,7.5,61,341,soyimage,7,2
WIN_20250730_19_15_54_Pro.jpg,7.3,53,334,soyimage,7,2
WIN_20250730_19_15_55_Pro.jpg,7.4,59,336,soyimage,7,2
WIN_20250730_19_15_56_Pro (2).jpg,7.5,64,341,soyimage,7,2
WIN_20250730_19_15_56_Pro.jpg,7.4,64,339,soyimage,7,2
WIN_20250730_19_15_57_Pro.jpg,7.3,61,335,soyimage,7,2
WIN_20250730_19_15_58_Pro.jpg,7.4,67,337,soyimage,7,2
WIN_20250730_19_15_59_Pro (2).jpg,7.4,76,339,soyimage,7,2
WIN_20250730_19_15_59_Pro.jpg,7.2,66,333,soyimage,7,2
WIN_20250730_19_16_00_Pro (2).jpg,7.4,75,338,soyimage,7,2
WIN_20250730_19_16_00_Pro.jpg,7.4,78,339,soyimage,7,2
WIN_20250730_19_16_01_Pro.jpg,7.5,88,346,soyimage,7,2
WIN_20250730_19_16_02_Pro.jpg,7.5,93,345,soyimage,7,2
WIN_20250730_19_16_03_Pro.jpg,7.6,107,351,soyimage,7,2
WIN_20250730_19_16_04_Pro (2).jpg,7.4,98,341,soyimage,7,2
WIN_20250730_19_16_04_Pro.jpg,7.6,97,350,soyimage,7,2
WIN_20250730_19_16_06_Pro (2).jpg,7.4,84,342,soyimage,7,2
WIN_20250730_19_16_06_Pro.jpg,7.4,91,341,soyimage,7,2
WIN_20250730_19_16_07_Pro (2).jpg,7.3,73,337,soyimage,7,2
WIN_20250730_19_16_07_Pro.jpg,7.5,83,346,soyimage,7,2
WIN_20250730_19_16_08_Pro.jpg,7.3,65,336,soyimage,7,2
WIN_20250730_19_16_09_Pro.jpg,7.3,68,337,soyimage,7,2
WIN_20250730_19_16_10_Pro.jpg,7.4,69,342,soyimage,7,2
WIN_20250730_19_16_11_Pro.jpg,7.4,64,338,soyimage,7,2
WIN_20250730_19_16_12_Pro (2).jpg,7.3,59,335,soyimage,7,2
WIN_20250730_19_16_12_Pro.jpg,7.5,72,345,soyimage,7,2
WIN_20250730_19_16_13_Pro.jpg,7.5,67,342,soyimage,7,2
WIN_20250730_19_16_14_Pro.jpg,7.5,66,342,soyimage,7,2
WIN_20250730_19_16_15_Pro (2).jpg,7.4,70,341,soyimage,7,2
WIN_20250730_19_16_15_Pro.jpg,7.4,62,337,soyimage,7,2
WIN_20250730_19_16_16_Pro.jpg,7.5,75,346,soyimage,7,2
WIN_20250730_19_16_17_Pro (2).jpg,7.6,83,346,soyimage,7,2
WIN_20250730_19_16_17_Pro.jpg,7.5,80,346,soyimage,7,2
WIN_20250730_19_16_18_Pro.jpg,7.4,83,341,soyimage,7,2
WIN_20250730_19_16_19_Pro (2).jpg,7.7,112,352,soyimage,7,2
WIN_20250730_19_16_19_Pro.jpg,7.6,96,349,soyimage,7,2
WIN_20250730_19_16_20_Pro.jpg,7.6,97,349,soyimage,7,2
WIN_20250730_19_16_21_Pro (2).jpg,7.5,82,343,soyimage,7,2
WIN_20250730_19_16_21_Pro.jpg,7.4,88,341,soyimage,7,2
WIN_20250730_19_16_22_Pro (2).jpg,7.3,64,333,soyimage,7,2
WIN_20250730_19_16_22_Pro.jpg,7.4,72,339,soyimage,7,2
WIN_20250730_19_16_23_Pro.jpg,7.4,63,341,soyimage,7,2
WIN_20250730_19_16_24_Pro.jpg,7.4,58,337,soyimage,7,2
WIN_20250730_19_16_25_Pro.jpg,7.5,50,340,soyimage,7,2
WIN_20250730_19_16_26_Pro.jpg,7.5,61,342,soyimage,7,2
WIN_20250730_19_16_27_Pro (2).jpg,7.4,77,338,soyimage,7,2
WIN_20250730_19_16_27_Pro.jpg,7.2,63,329,soyimage,7,2
WIN_20250730_19_16_28_Pro.jpg,7.4,81,339,soyimage,7,2
WIN_20250730_19_16_29_Pro (2).jpg,7.4,65,337,soyimage,7,2
WIN_20250730_19_16_29_Pro.jpg,7.3,75,333,soyimage,7,2
WIN_20250730_19_16_30_Pro (2).jpg,7.3,70,334,soyimage,7,2
WIN_20250730_19_16_30_Pro.jpg,7.4,71,337,soyimage,7,2
WIN_20250730_19_16_31_Pro (2).jpg,7.5,80,341,soyimage,7,2
WIN_20250730_19_16_31_Pro.jpg,7.3,72,335,soyimage,7,2
WIN_20250730_19_16_32_Pro.jpg,7.5,73,341,soyimage,7,2
WIN_20250730_19_16_33_Pro (2).jpg,7.2,55,331,soyimage,7,2
WIN_20250730_19_16_33_Pro.jpg,7.4,65,337,soyimage,7,2
WIN_20250730_19_16_34_Pro (2).jpg,7.4,53,339,soyimage,7,2
WIN_20250730_19_16_34_Pro.jpg,7.3,56,338,soyimage,7,2
WIN_20250730_19_16_35_Pro.jpg,7.4,49,339,soyimage,7,2
WIN_20250730_19_16_36_Pro.jpg,7.6,47,345,soyimage,7,2
WIN_20250730_19_16_37_Pro (2).jpg,7.6,60,345,soyimage,7,2
WIN_20250730_19_16_37_Pro.jpg,7.5,47,340,soyimage,7,2
WIN_20250730_19_16_38_Pro.jpg,7.4,49,336,soyimage,7,2
WIN_20250730_19_16_40_Pro.jpg,7.4,48,339,soyimage,7,2
WIN_20250730_19_16_41_Pro.jpg,7.6,43,347,soyimage,7,2
WIN_20250730_19_16_42_Pro (2).jpg,7.6,44,346,soyimage,7,2
WIN_20250730_19_16_42_Pro.jpg,7.6,43,346,soyimage,7,2
WIN_20250730_19_17_08_Pro.jpg,7.8,40,355,soyimage,7,3
WIN_20250730_19_17_09_Pro (2).jpg,7.7,41,352,soyimage,7,3
WIN_20250730_19_17_09_Pro.jpg,7.7,40,353,soyimage,7,3
WIN_20250730_19_17_17_Pro.jpg,7.8,42,357,soyimage,7,3
WIN_20250730_19_17_18_Pro (2).jpg,7.9,44,354,soyimage,7,3
WIN_20250730_19_17_18_Pro.jpg,7.8,42,354,soyimage,7,3
WIN_20250730_19_17_20_Pro (2).jpg,7.8,43,353,soyimage,7,3
WIN_20250730_19_17_20_Pro.jpg,8.0,47,352,soyimage,7,3
WIN_20250730_19_17_21_Pro.jpg,7.7,40,352,soyimage,7,3
WIN_20250730_19_17_22_Pro.jpg,7.9,41,355,soyimage,7,3
WIN_20250730_19_17_24_Pro.jpg,8.0,39,364,soyimage,7,3
WIN_20250730_19_17_25_Pro.jpg,8.0,37,364,soyimage,7,3
WIN_20250730_19_17_31_Pro.jpg,7.8,40,354,soyimage,7,3
WIN_20250730_19_17_32_Pro.jpg,7.7,43,352,soyimage,7,3
WIN_20250730_19_17_36_Pro.jpg,7.9,38,358,soyimage,7,3
WIN_20250730_19_17_37_Pro (2).jpg,7.6,46,345,soyimage,7,3
WIN_20250730_19_17_37_Pro.jpg,7.7,41,349,soyimage,7,3
WIN_20250730_19_17_38_Pro.jpg,7.4,58,337,soyimage,7,3
WIN_20250730_19_17_39_Pro.jpg,7.5,58,341,soyimage,7,3
WIN_20250730_19_17_40_Pro (2).jpg,7.3,52,331,soyimage,7,3
WIN_20250730_19_17_40_Pro.jpg,7.3,51,333,soyimage,7,3
WIN_20250730_19_17_41_Pro.jpg,7.3,57,330,soyimage,7,3
WIN_20250730_19_17_42_Pro (2).jpg,7.5,54,341,soyimage,7,3
WIN_20250730_19_17_42_Pro.jpg,7.4,57,335,soyimage,7,3
WIN_20250730_19_17_43_Pro.jpg,7.5,43,343,soyimage,7,3
WIN_20250730_19_17_44_Pro.jpg,7.5,41,344,soyimage,7,3
WIN_20250730_19_17_45_Pro (2).jpg,7.4,50,340,soyimage,7,3
WIN_20250730_19_17_45_Pro.jpg,7.3,47,332,soyimage,7,3
WIN_20250730_19_17_46_Pro (2).jpg,7.8,40,354,soyimage,7,3
WIN_20250730_19_17_46_Pro.jpg,7.6,42,346,soyimage,7,3
WIN_20250730_19_17_47_Pro.jpg,7.8,38,356,soyimage,7,3
WIN_20250730_19_17_48_Pro (2).jpg,7.7,37,350,soyimage,7,3
WIN_20250730_19_17_48_Pro.jpg,7.8,38,357,soyimage,7,3
WIN_20250730_19_17_50_Pro.jpg,7.7,40,351,soyimage,7,3
WIN_20250730_19_17_51_Pro.jpg,7.5,42,343,soyimage,7,3
WIN_20250730_19_18_08_Pro.jpg,7.9,37,358,soyimage,7,4
WIN_20250730_19_18_11_Pro.jpg,7.8,37,353,soyimage,7,4
WIN_20250730_19_18_12_Pro (2).jpg,7.7,40,350,soyimage,7,4
WIN_20250730_19_18_13_Pro.jpg,7.8,37,356,soyimage,7,4
WIN_20250730_19_18_14_Pro (2).jpg,7.8,41,355,soyimage,7,4
WIN_20250730_19_18_14_Pro.jpg,7.8,40,356,soyimage,7,4
WIN_20250730_19_18_15_Pro.jpg,7.7,40,352,soyimage,7,4
WIN_20250730_19_18_16_Pro.jpg,7.7,39,352,soyimage,7,4
WIN_20250730_19_18_17_Pro (2).jpg,7.8,39,354,soyimage,7,4
WIN_20250730_19_18_19_Pro.jpg,7.8,40,355,soyimage,7,4
WIN_20250730_19_18_20_Pro.jpg,8.0,38,363,soyimage,7,4
WIN_20250730_19_18_21_Pro.jpg,8.1,37,366,soyimage,7,4
WIN_20250730_19_18_28_Pro.jpg,7.9,38,360,soyimage,7,4
WIN_20250730_19_18_29_Pro.jpg,7.8,38,355,soyimage,7,4
WIN_20250730_19_18_30_Pro.jpg,7.7,40,352,soyimage,7,4
WIN_20250730_19_18_31_Pro (2).jpg,7.9,40,361,soyimage,7,4
WIN_20250730_19_18_31_Pro.jpg,7.8,41,354,soyimage,7,4
WIN_20250730_19_18_32_Pro.jpg,7.8,39,359,soyimage,7,4
WIN_20250730_19_18_33_Pro.jpg,8.0,40,363,soyimage,7,4
WIN_20250730_19_18_34_Pro.jpg,8.0,38,365,soyimage,7,4
WIN_20250730_19_18_36_Pro.jpg,7.8,38,354,soyimage,7,4
WIN_20250730_19_18_37_Pro.jpg,7.8,37,355,soyimage,7,4
WIN_20250730_19_18_38_Pro.jpg,7.8,38,353,soyimage,7,4
WIN_20250730_19_18_41_Pro (2).jpg,7.3,56,332,soyimage,7,4
WIN_20250730_19_18_41_Pro.jpg,7.4,55,335,soyimage,7,4
WIN_20250730_19_18_42_Pro.jpg,7.4,61,329,soyimage,7,4
WIN_20250730_19_18_43_Pro.jpg,7.2,64,327,soyimage,7,4
WIN_20250730_19_18_44_Pro (2).jpg,7.3,54,332,soyimage,7,4
WIN_20250730_19_18_46_Pro (2).jpg,7.2,51,334,soyimage,7,4
WIN_20250730_19_18_46_Pro.jpg,7.2,55,329,soyimage,7,4
WIN_20250730_19_18_47_Pro.jpg,7.4,46,339,soyimage,7,4
WIN_20250730_19_18_48_Pro.jpg,7.5,42,343,soyimage,7,4
WIN_20250730_19_18_49_Pro.jpg,7.7,40,353,soyimage,7,4
WIN_20250730_19_18_50_Pro (2).jpg,7.6,46,344,soyimage,7,4
WIN_20250730_19_18_50_Pro.jpg,7.6,40,347,soyimage,7,4
WIN_20250730_19_18_51_Pro.jpg,7.4,49,339,soyimage,7,4
WIN_20250730_19_18_52_Pro.jpg,7.4,48,337,soyimage,7,4
WIN_20250730_19_18_53_Pro.jpg,7.4,45,338,soyimage,7,4
WIN_20250730_19_19_10_Pro (2).jpg,7.9,40,358,soyimage,7,5
WIN_20250730_19_19_10_Pro.jpg,7.9,39,357,soyimage,7,5
WIN_20250730_19_19_11_Pro (2).jpg,7.8,39,355,soyimage,7,5
WIN_20250730_19_19_11_Pro.jpg,7.9,39,358,soyimage,7,5
WIN_20250730_19_19_12_Pro.jpg,7.8,40,356,soyimage,7,5
WIN_20250730_19_19_13_Pro (2).jpg,7.8,42,354,soyimage,7,5
WIN_20250730_19_19_14_Pro (2).jpg,7.7,41,350,soyimage,7,5
WIN_20250730_19_19_14_Pro.jpg,7.7,41,352,soyimage,7,5
WIN_20250730_19_19_15_Pro.jpg,7.7,42,352,soyimage,7,5
WIN_20250730_19_19_16_Pro (2).jpg,7.6,42,347,soyimage,7,5
WIN_20250730_19_19_16_Pro.jpg,7.7,42,351,soyimage,7,5
WIN_20250730_19_19_17_Pro (2).jpg,7.7,41,351,soyimage,7,5
WIN_20250730_19_19_17_Pro.jpg,7.6,42,349,soyimage,7,5
WIN_20250730_19_19_18_Pro.jpg,7.8,41,353,soyimage,7,5
WIN_20250730_19_19_19_Pro (2).jpg,7.8,40,352,soyimage,7,5
WIN_20250730_19_19_19_Pro.jpg,7.7,39,350,soyimage,7,5
WIN_20250730_19_19_20_Pro (2).jpg,7.8,44,354,soyimage,7,5
WIN_20250730_19_19_21_Pro (2).jpg,7.8,41,355,soyimage,7,5
WIN_20250730_19_19_21_Pro.jpg,7.9,42,359,soyimage,7,5
WIN_20250730_19_19_22_Pro.jpg,7.9,39,360,soyimage,7,5
WIN_20250730_19_19_23_Pro.jpg,7.9,40,358,soyimage,7,5
WIN_20250730_19_19_25_Pro.jpg,8.1,37,367,soyimage,7,5
WIN_20250730_19_19_29_Pro (2).jpg,8.2,36,371,soyimage,7,5
WIN_20250730_19_19_30_Pro.jpg,8.1,36,370,soyimage,7,5
WIN_20250730_19_19_31_Pro (2).jpg,8.1,36,367,soyimage,7,5
WIN_20250730_19_19_32_Pro (2).jpg,8.0,38,365,soyimage,7,5
WIN_20250730_19_19_32_Pro.jpg,8.0,37,367,soyimage,7,5
WIN_20250730_19_19_33_Pro (2).jpg,7.9,40,360,soyimage,7,5
WIN_20250730_19_19_33_Pro.jpg,8.0,38,363,soyimage,7,5
WIN_20250730_19_19_34_Pro (2).jpg,7.7,40,353,soyimage,7,5
WIN_20250730_19_19_34_Pro.jpg,7.9,42,359,soyimage,7,5
WIN_20250730_19_19_35_Pro (2).jpg,7.7,43,350,soyimage,7,5
WIN_20250730_19_19_35_Pro.jpg,7.7,41,351,soyimage,7,5
WIN_20250730_19_19_36_Pro (2).jpg,7.8,42,355,soyimage,7,5
WIN_20250730_19_19_36_Pro.jpg,7.7,40,354,soyimage,7,5
WIN_20250730_19_19_37_Pro (2).jpg,8.0,38,362,soyimage,7,5
WIN_20250730_19_19_37_Pro.jpg,7.9,40,360,soyimage,7,5
WIN_20250730_19_19_38_Pro (2).jpg,8.0,38,364,soyimage,7,5
WIN_20250730_19_19_38_Pro.jpg,8.0,40,366,soyimage,7,5
WIN_20250730_19_19_39_Pro.jpg,7.9,39,360,soyimage,7,5
WIN_20250730_19_19_40_Pro.jpg,7.7,45,350,soyimage,7,5
WIN_20250730_19_19_41_Pro (2).jpg,7.6,46,348,soyimage,7,5
WIN_20250730_19_19_41_Pro.jpg,7.6,45,346,soyimage,7,5
WIN_20250730_19_19_42_Pro (2).jpg,7.5,53,341,soyimage,7,5
WIN_20250730_19_19_42_Pro.jpg,7.5,51,342,soyimage,7,5
WIN_20250730_19_19_43_Pro.jpg,7.5,52,339,soyimage,7,5
WIN_20250730_19_19_44_Pro (2).jpg,7.5,58,339,soyimage,7,5
WIN_20250730_19_19_44_Pro.jpg,7.5,55,340,soyimage,7,5
WIN_20250730_19_19_45_Pro.jpg,7.4,57,337,soyimage,7,5
WIN_20250730_19_19_46_Pro (2).jpg,7.4,66,337,soyimage,7,5
WIN_20250730_19_19_46_Pro.jpg,7.4,59,335,soyimage,7,5
WIN_20250730_19_19_47_Pro.jpg,7.2,65,328,soyimage,7,5
WIN_20250730_19_19_48_Pro (2).jpg,7.4,65,336,soyimage,7,5
WIN_20250730_19_19_48_Pro.jpg,7.4,66,338,soyimage,7,5
WIN_20250730_19_19_49_Pro.jpg,7.5,62,339,soyimage,7,5
WIN_20250730_19_19_54_Pro (2).jpg,7.4,56,339,soyimage,7,5
WIN_20250730_19_19_54_Pro.jpg,7.5,59,340,soyimage,7,5
WIN_20250730_19_19_55_Pro.jpg,7.5,50,340,soyimage,7,5
WIN_20250730_19_19_56_Pro (2).jpg,7.6,43,347,soyimage,7,5
WIN_20250730_19_19_56_Pro.jpg,7.6,45,345,soyimage,7,5
WIN_20250730_19_19_57_Pro (2).jpg,7.8,40,353,soyimage,7,5
WIN_20250730_19_19_57_Pro.jpg,7.7,41,350,soyimage,7,5
WIN_20250730_19_19_58_Pro.jpg,7.8,41,354,soyimage,7,5
WIN_20250730_19_19_59_Pro (2).jpg,7.8,40,355,soyimage,7,5
WIN_20250730_19_19_59_Pro.jpg,7.9,39,357,soyimage,7,5
WIN_20250730_19_20_00_Pro.jpg,7.7,44,352,soyimage,7,5
WIN_20250730_19_20_01_Pro (2).jpg,7.5,47,343,soyimage,7,5
WIN_20250730_19_20_01_Pro.jpg,7.4,46,339,soyimage,7,5
WIN_20250730_19_20_02_Pro (2).jpg,7.6,44,348,soyimage,7,5
WIN_20250730_19_20_02_Pro.jpg,7.5,45,341,soyimage,7,5
WIN_20250730_19_20_03_Pro.jpg,7.6,44,348,soyimage,7,5
WIN_20250730_19_23_59_Pro.jpg,8.4,60,384,soyimage,8,1
WIN_20250730_19_24_00_Pro.jpg,8.4,72,383,soyimage,8,1
WIN_20250730_19_24_01_Pro (2).jpg,8.4,55,383,soyimage,8,1
WIN_20250730_19_24_01_Pro.jpg,8.3,67,380,soyimage,8,1
WIN_20250730_19_24_02_Pro (2).jpg,8.4,72,384,soyimage,8,1
WIN_20250730_19_24_02_Pro.jpg,8.4,63,385,soyimage,8,1
WIN_20250730_19_24_03_Pro (2).jpg,8.3,54,380,soyimage,8,1
WIN_20250730_19_24_03_Pro.jpg,8.8,60,386,soyimage,8,1
WIN_20250730_19_24_04_Pro (2).jpg,8.3,53,380,soyimage,8,1
WIN_20250730_19_24_04_Pro.jpg,8.3,60,384,soyimage,8,1
WIN_20250730_19_24_05_Pro.jpg,8.4,54,386,soyimage,8,1
WIN_20250730_19_24_06_Pro.jpg,8.3,57,385,soyimage,8,1
WIN_20250730_19_24_07_Pro (2).jpg,8.1,54,383,soyimage,8,1
WIN_20250730_19_24_07_Pro.jpg,8.4,58,389,soyimage,8,1
WIN_20250730_19_24_12_Pro (2).jpg,8.4,60,394,soyimage,8,1
WIN_20250730_19_24_13_Pro.jpg,8.3,59,387,soyimage,8,1
WIN_20250730_19_24_14_Pro.jpg,8.3,54,384,soyimage,8,1
WIN_20250730_19_24_15_Pro.jpg,8.4,54,388,soyimage,8,1
WIN_20250730_19_24_16_Pro (2).jpg,8.5,67,390,soyimage,8,1
WIN_20250730_19_24_16_Pro.jpg,8.5,64,389,soyimage,8,1
WIN_20250730_19_24_17_Pro (2).jpg,8.3,52,383,soyimage,8,1
WIN_20250730_19_24_17_Pro.jpg,8.4,62,389,soyimage,8,1
WIN_20250730_19_24_18_Pro.jpg,8.4,56,386,soyimage,8,1
WIN_20250730_19_24_19_Pro.jpg,8.3,54,385,soyimage,8,1
WIN_20250730_19_24_20_Pro.jpg,8.4,60,389,soyimage,8,1
WIN_20250730_19_24_21_Pro (2).jpg,8.3,66,391,soyimage,8,1
WIN_20250730_19_24_23_Pro (2).jpg,8.2,59,379,soyimage,8,1
WIN_20250730_19_24_23_Pro.jpg,8.6,56,387,soyimage,8,1
WIN_20250730_19_24_24_Pro (2).jpg,8.4,59,383,soyimage,8,1
WIN_20250730_19_24_24_Pro.jpg,8.3,51,380,soyimage,8,1
WIN_20250730_19_24_25_Pro (2).jpg,8.5,64,384,soyimage,8,1
WIN_20250730_19_24_25_Pro.jpg,8.5,65,385,soyimage,8,1
WIN_20250730_19_24_26_Pro.jpg,8.4,64,379,soyimage,8,1
WIN_20250730_19_24_28_Pro.jpg,8.5,63,382,soyimage,8,1
WIN_20250730_19_24_29_Pro (2).jpg,8.4,73,377,soyimage,8,1
WIN_20250730_19_24_29_Pro.jpg,8.4,71,378,soyimage,8,1
WIN_20250730_19_24_30_Pro.jpg,8.3,70,378,soyimage,8,1
WIN_20250730_19_24_31_Pro (2).jpg,8.3,60,373,soyimage,8,1
WIN_20250730_19_24_31_Pro.jpg,8.2,55,370,soyimage,8,1
WIN_20250730_19_24_32_Pro (2).jpg,8.3,61,375,soyimage,8,1
WIN_20250730_19_24_32_Pro.jpg,8.4,59,377,soyimage,8,1
WIN_20250730_19_24_33_Pro.jpg,8.3,55,373,soyimage,8,1
WIN_20250730_19_24_34_Pro.jpg,8.2,53,374,soyimage,8,1
WIN_20250730_19_24_35_Pro (2).jpg,8.2,57,378,soyimage,8,1
WIN_20250730_19_24_35_Pro.jpg,8.3,61,383,soyimage,8,1
WIN_20250730_19_24_36_Pro.jpg,8.4,60,383,soyimage,8,1
WIN_20250730_19_24_37_Pro.jpg,8.4,56,382,soyimage,8,1
WIN_20250730_19_24_38_Pro (2).jpg,8.3,56,379,soyimage,8,1
WIN_20250730_19_24_38_Pro.jpg,8.3,59,379,soyimage,8,1
WIN_20250730_19_24_39_Pro.jpg,8.4,65,378,soyimage,8,1
WIN_20250730_19_24_40_Pro.jpg,8.4,66,379,soyimage,8,1
WIN_20250730_19_24_41_Pro (2).jpg,8.3,72,375,soyimage,8,1
WIN_20250730_19_24_41_Pro.jpg,8.3,63,376,soyimage,8,1
WIN_20250730_19_24_42_Pro.jpg,8.4,68,378,soyimage,8,1
WIN_20250730_19_24_43_Pro.jpg,8.4,64,381,soyimage,8,1
WIN_20250730_19_25_04_Pro.jpg,8.6,38,386,soyimage,8,2
WIN_20250730_19_25_05_Pro.jpg,8.5,38,387,soyimage,8,2
WIN_20250730_19_25_06_Pro (2).jpg,8.5,38,384,soyimage,8,2
WIN_20250730_19_25_06_Pro.jpg,8.6,38,386,soyimage,8,2
WIN_20250730_19_25_07_Pro.jpg,8.5,39,384,soyimage,8,2
WIN_20250730_19_25_08_Pro (2).jpg,8.5,38,386,soyimage,8,2
WIN_20250730_19_25_08_Pro.jpg,8.5,36,386,soyimage,8,2
WIN_20250730_19_25_09_Pro.jpg,8.5,39,384,soyimage,8,2
WIN_20250730_19_25_10_Pro.jpg,8.5,39,384,soyimage,8,2
WIN_20250730_19_25_11_Pro.jpg,8.5,40,383,soyimage,8,2
WIN_20250730_19_25_12_Pro (2).jpg,8.5,45,382,soyimage,8,2
WIN_20250730_19_25_12_Pro.jpg,8.5,41,382,soyimage,8,2
WIN_20250730_19_25_13_Pro.jpg,8.3,44,377,soyimage,8,2
WIN_20250730_19_25_14_Pro (2).jpg,8.3,47,377,soyimage,8,2
WIN_20250730_19_25_14_Pro.jpg,8.5,43,376,soyimage,8,2
WIN_20250730_19_25_15_Pro (2).jpg,8.4,52,380,soyimage,8,2
WIN_20250730_19_25_15_Pro.jpg,8.4,51,380,soyimage,8,2
WIN_20250730_19_25_16_Pro.jpg,8.6,54,380,soyimage,8,2
WIN_20250730_19_25_17_Pro.jpg,8.4,61,381,soyimage,8,2
WIN_20250730_19_25_18_Pro.jpg,8.4,67,384,soyimage,8,2
WIN_20250730_19_25_19_Pro (2).jpg,8.3,66,380,soyimage,8,2
WIN_20250730_19_25_19_Pro.jpg,8.3,57,381,soyimage,8,2
WIN_20250730_19_25_20_Pro (2).jpg,8.4,61,382,soyimage,8,2
WIN_20250730_19_25_20_Pro.jpg,8.4,58,382,soyimage,8,2
WIN_20250730_19_25_21_Pro.jpg,8.4,58,382,soyimage,8,2
WIN_20250730_19_25_22_Pro (2).jpg,8.3,46,377,soyimage,8,2
WIN_20250730_19_25_22_Pro.jpg,8.4,52,381,soyimage,8,2
WIN_20250730_19_25_23_Pro.jpg,8.3,45,377,soyimage,8,2
WIN_20250730_19_25_24_Pro.jpg,8.3,45,377,soyimage,8,2
WIN_20250730_19_25_25_Pro (2).jpg,8.4,50,382,soyimage,8,2
WIN_20250730_19_25_25_Pro.jpg,8.4,47,380,soyimage,8,2
WIN_20250730_19_25_26_Pro (2).jpg,8.3,53,378,soyimage,8,2
WIN_20250730_19_25_26_Pro.jpg,8.3,50,376,soyimage,8,2
WIN_20250730_19_25_27_Pro.jpg,8.3,53,376,soyimage,8,2
WIN_20250730_19_25_28_Pro.jpg,8.3,58,379,soyimage,8,2
WIN_20250730_19_25_33_Pro.jpg,8.3,50,374,soyimage,8,2
WIN_20250730_19_25_34_Pro (2).jpg,8.3,45,373,soyimage,8,2
WIN_20250730_19_25_34_Pro.jpg,8.3,47,375,soyimage,8,2
WIN_20250730_19_25_41_Pro.jpg,8.5,42,383,soyimage,8,2
WIN_20250730_19_25_42_Pro (2).jpg,8.4,38,380,soyimage,8,2
WIN_20250730_19_25_42_Pro.jpg,8.4,39,380,soyimage,8,2
WIN_20250730_19_25_43_Pro.jpg,8.2,41,372,soyimage,8,2
WIN_20250730_19_25_44_Pro (2).jpg,8.3,51,374,soyimage,8,2
WIN_20250730_19_25_44_Pro.jpg,8.3,47,373,soyimage,8,2
WIN_20250730_19_25_45_Pro.jpg,8.2,49,369,soyimage,8,2
WIN_20250730_19_25_46_Pro.jpg,8.2,49,372,soyimage,8,2
WIN_20250730_19_25_47_Pro.jpg,8.3,48,375,soyimage,8,2
WIN_20250730_19_25_50_Pro (2).jpg,8.3,55,376,soyimage,8,2
WIN_20250730_19_25_50_Pro.jpg,8.3,55,374,soyimage,8,2
WIN_20250730_19_25_51_Pro.jpg,8.2,51,373,soyimage,8,2
WIN_20250730_19_25_52_Pro (2).jpg,8.3,47,377,soyimage,8,2
WIN_20250730_19_25_52_Pro.jpg,8.3,50,376,soyimage,8,2
WIN_20250730_19_25_53_Pro.jpg,8.7,45,378,soyimage,8,2
WIN_20250730_19_25_54_Pro (2).jpg,8.4,39,380,soyimage,8,2
WIN_20250730_19_25_54_Pro.jpg,8.7,41,379,soyimage,8,2
WIN_20250730_19_25_55_Pro (2).jpg,8.4,39,380,soyimage,8,2
WIN_20250730_19_25_55_Pro.jpg,9.0,39,385,soyimage,8,2
WIN_20250730_19_26_15_Pro (2).jpg,8.7,35,389,soyimage,8,3
WIN_20250730_19_26_15_Pro.jpg,8.6,35,389,soyimage,8,3
WIN_20250730_19_26_16_Pro (2).jpg,8.7,36,393,soyimage,8,3
WIN_20250730_19_26_16_Pro.jpg,8.7,35,391,soyimage,8,3
WIN_20250730_19_26_17_Pro.jpg,8.7,35,391,soyimage,8,3
WIN_20250730_19_26_18_Pro (2).jpg,8.6,37,388,soyimage,8,3
WIN_20250730_19_26_19_Pro (2).jpg,8.6,38,385,soyimage,8,3
WIN_20250730_19_26_19_Pro.jpg,8.6,38,388,soyimage,8,3
WIN_20250730_19_26_20_Pro.jpg,8.5,38,384,soyimage,8,3
WIN_20250730_19_26_21_Pro.jpg,8.6,36,391,soyimage,8,3
WIN_20250730_19_26_22_Pro (2).jpg,8.6,38,389,soyimage,8,3
WIN_20250730_19_26_23_Pro.jpg,8.6,37,388,soyimage,8,3
WIN_20250730_19_26_24_Pro (2).jpg,8.6,38,386,soyimage,8,3
WIN_20250730_19_26_24_Pro.jpg,8.6,38,388,soyimage,8,3
WIN_20250730_19_26_25_Pro.jpg,8.7,35,391,soyimage,8,3
WIN_20250730_19_26_26_Pro (2).jpg,8.6,39,389,soyimage,8,3
WIN_20250730_19_26_26_Pro.jpg,8.6,36,389,soyimage,8,3
WIN_20250730_19_26_27_Pro (2).jpg,8.6,38,388,soyimage,8,3
WIN_20250730_19_26_27_Pro.jpg,8.5,38,386,soyimage,8,3
WIN_20250730_19_26_29_Pro.jpg,8.6,37,388,soyimage,8,3
WIN_20250730_19_26_38_Pro (2).jpg,8.8,36,396,soyimage,8,3
WIN_20250730_19_26_42_Pro.jpg,8.6,38,389,soyimage,8,3
WIN_20250730_19_26_47_Pro (2).jpg,8.5,36,385,soyimage,8,3
WIN_20250730_19_26_47_Pro.jpg,9.1,36,391,soyimage,8,3
WIN_20250730_19_26_48_Pro.jpg,8.5,36,383,soyimage,8,3
WIN_20250730_19_26_50_Pro (2).jpg,8.5,41,383,soyimage,8,3
WIN_20250730_19_26_50_Pro.jpg,8.4,41,380,soyimage,8,3
WIN_20250730_19_26_51_Pro.jpg,8.3,42,374,soyimage,8,3
WIN_20250730_19_26_52_Pro.jpg,8.3,44,373,soyimage,8,3
WIN_20250730_19_26_53_Pro (2).jpg,8.2,51,371,soyimage,8,3
WIN_20250730_19_26_53_Pro.jpg,8.2,46,369,soyimage,8,3
WIN_20250730_19_26_54_Pro (2).jpg,8.2,44,375,soyimage,8,3
WIN_20250730_19_26_54_Pro.jpg,8.3,47,372,soyimage,8,3
WIN_20250730_19_26_55_Pro.jpg,8.3,44,377,soyimage,8,3
WIN_20250730_19_26_56_Pro (2).jpg,8.4,38,380,soyimage,8,3
WIN_20250730_19_26_56_Pro.jpg,8.4,38,381,soyimage,8,3
WIN_20250730_19_26_57_Pro.jpg,8.5,42,385,soyimage,8,3
WIN_20250730_19_26_58_Pro.jpg,8.4,38,381,soyimage,8,3
WIN_20250730_19_26_59_Pro (2).jpg,8.6,37,389,soyimage,8,3
WIN_20250730_19_26_59_Pro.jpg,8.6,39,389,soyimage,8,3
WIN_20250730_19_27_00_Pro (2).jpg,8.6,37,385,soyimage,8,3
WIN_20250730_19_27_01_Pro.jpg,8.6,36,387,soyimage,8,3
WIN_20250730_19_27_02_Pro.jpg,8.6,36,387,soyimage,8,3
WIN_20250730_19_27_03_Pro.jpg,8.6,39,384,soyimage,8,3
WIN_20250730_19_27_04_Pro.jpg,8.3,44,374,soyimage,8,3
WIN_20250730_19_27_05_Pro (2).jpg,8.6,41,375,soyimage,8,3
WIN_20250730_19_27_05_Pro.jpg,8.4,43,377,soyimage,8,3
WIN_20250730_19_27_06_Pro.jpg,8.4,38,378,soyimage,8,3
WIN_20250730_19_27_29_Pro.jpg,8.7,37,392,soyimage,8,4
WIN_20250730_19_27_30_Pro (2).jpg,8.7,37,391,soyimage,8,4
WIN_20250730_19_27_30_Pro.jpg,8.7,37,391,soyimage,8,4
WIN_20250730_19_27_31_Pro.jpg,8.6,37,389,soyimage,8,4
WIN_20250730_19_27_32_Pro.jpg,8.6,37,387,soyimage,8,4
WIN_20250730_19_27_33_Pro (2).jpg,8.5,38,383,soyimage,8,4
WIN_20250730_19_27_33_Pro.jpg,8.5,37,384,soyimage,8,4
WIN_20250730_19_27_34_Pro (2).jpg,8.6,37,386,soyimage,8,4
WIN_20250730_19_27_34_Pro.jpg,8.5,39,383,soyimage,8,4
WIN_20250730_19_27_35_Pro.jpg,8.5,36,384,soyimage,8,4
WIN_20250730_19_27_36_Pro (2).jpg,8.5,36,383,soyimage,8,4
WIN_20250730_19_27_36_Pro.jpg,8.5,38,384,soyimage,8,4
WIN_20250730_19_27_37_Pro (2).jpg,8.5,38,383,soyimage,8,4
WIN_20250730_19_27_37_Pro.jpg,8.5,37,384,soyimage,8,4
WIN_20250730_19_27_38_Pro.jpg,8.5,37,385,soyimage,8,4
WIN_20250730_19_27_39_Pro (2).jpg,8.6,37,386,soyimage,8,4
WIN_20250730_19_27_39_Pro.jpg,8.6,39,385,soyimage,8,4
WIN_20250730_19_27_40_Pro (2).jpg,8.6,38,380,soyimage,8,4
WIN_20250730_19_27_41_Pro (2).jpg,8.4,42,380,soyimage,8,4
WIN_20250730_19_27_41_Pro.jpg,8.5,39,380,soyimage,8,4
WIN_20250730_19_27_42_Pro.jpg,8.4,40,376,soyimage,8,4
WIN_20250730_19_27_43_Pro (2).jpg,8.7,42,383,soyimage,8,4
WIN_20250730_19_27_44_Pro (2).jpg,8.6,40,382,soyimage,8,4
WIN_20250730_19_27_44_Pro.jpg,8.4,39,380,soyimage,8,4
WIN_20250730_19_27_45_Pro (2).jpg,8.5,37,385,soyimage,8,4
WIN_20250730_19_27_45_Pro.jpg,8.5,38,384,soyimage,8,4
WIN_20250730_19_27_46_Pro (2).jpg,8.6,37,386,soyimage,8,4
WIN_20250730_19_27_46_Pro.jpg,8.6,37,386,soyimage,8,4
WIN_20250730_19_27_47_Pro (2).jpg,8.7,38,390,soyimage,8,4
WIN_20250730_19_27_50_Pro (2).jpg,8.7,36,393,soyimage,8,4
WIN_20250730_19_27_54_Pro.jpg,8.5,38,386,soyimage,8,4
WIN_20250730_19_27_55_Pro (2).jpg,8.4,38,381,soyimage,8,4
WIN_20250730_19_27_56_Pro (2).jpg,8.4,38,381,soyimage,8,4
WIN_20250730_19_27_57_Pro.jpg,8.5,40,386,soyimage,8,4
WIN_20250730_19_27_58_Pro.jpg,8.6,37,389,soyimage,8,4
WIN_20250730_19_27_59_Pro.jpg,8.6,36,388,soyimage,8,4
WIN_20250730_19_28_00_Pro.jpg,8.5,39,385,soyimage,8,4
WIN_20250730_19_28_01_Pro.jpg,8.5,38,385,soyimage,8,4
WIN_20250730_19_28_02_Pro (2).jpg,8.4,39,380,soyimage,8,4
WIN_20250730_19_28_04_Pro.jpg,8.3,44,374,soyimage,8,4
WIN_20250730_19_28_05_Pro.jpg,8.3,42,375,soyimage,8,4
WIN_20250730_19_28_07_Pro (2).jpg,8.3,54,372,soyimage,8,4
WIN_20250730_19_28_07_Pro.jpg,8.2,49,371,soyimage,8,4
WIN_20250730_19_28_08_Pro.jpg,8.2,55,371,soyimage,8,4
WIN_20250730_19_28_09_Pro (2).jpg,8.2,55,371,soyimage,8,4
WIN_20250730_19_28_09_Pro.jpg,8.2,54,371,soyimage,8,4
WIN_20250730_19_28_11_Pro (2).jpg,8.2,59,369,soyimage,8,4
WIN_20250730_19_28_11_Pro.jpg,8.2,50,368,soyimage,8,4
WIN_20250730_19_28_12_Pro.jpg,8.2,54,370,soyimage,8,4
WIN_20250730_19_28_13_Pro.jpg,8.3,58,373,soyimage,8,4
WIN_20250730_19_28_14_Pro.jpg,8.2,44,375,soyimage,8,4
WIN_20250730_19_28_15_Pro.jpg,8.3,44,374,soyimage,8,4
WIN_20250730_19_28_16_Pro (2).jpg,8.4,41,378,soyimage,8,4
WIN_20250730_19_28_16_Pro.jpg,8.3,45,374,soyimage,8,4
WIN_20250730_19_28_17_Pro.jpg,8.3,42,377,soyimage,8,4
WIN_20250730_19_28_18_Pro (2).jpg,8.4,40,378,soyimage,8,4
WIN_20250730_19_28_18_Pro.jpg,8.3,43,376,soyimage,8,4
WIN_20250730_19_28_19_Pro.jpg,8.4,39,379,soyimage,8,4
WIN_20250730_19_28_20_Pro (2).jpg,8.5,36,384,soyimage,8,4
WIN_20250730_19_28_20_Pro.jpg,8.4,38,381,soyimage,8,4
WIN_20250730_19_28_22_Pro.jpg,8.7,35,390,soyimage,8,4
WIN_20250730_19_28_23_Pro.jpg,8.6,35,390,soyimage,8,4
WIN_20250730_19_28_25_Pro.jpg,8.6,38,389,soyimage,8,4
WIN_20250730_19_28_26_Pro.jpg,8.4,39,380,soyimage,8,4
WIN_20250730_19_28_40_Pro.jpg,8.6,36,387,soyimage,8,5
WIN_20250730_19_28_43_Pro (2).jpg,8.4,37,382,soyimage,8,5
WIN_20250730_19_28_43_Pro.jpg,8.5,39,385,soyimage,8,5
WIN_20250730_19_28_45_Pro.jpg,8.5,38,382,soyimage,8,5
WIN_20250730_19_28_46_Pro (2).jpg,8.5,37,384,soyimage,8,5
WIN_20250730_19_28_46_Pro.jpg,8.5,37,385,soyimage,8,5
WIN_20250730_19_28_49_Pro.jpg,8.6,38,389,soyimage,8,5
WIN_20250730_19_29_00_Pro.jpg,8.9,35,395,soyimage,8,5
WIN_20250730_19_29_02_Pro.jpg,8.7,36,393,soyimage,8,5
WIN_20250730_19_29_03_Pro (2).jpg,8.6,37,390,soyimage,8,5
WIN_20250730_19_29_03_Pro.jpg,8.7,36,392,soyimage,8,5
WIN_20250730_19_29_04_Pro (2).jpg,8.7,39,386,soyimage,8,5
WIN_20250730_19_29_04_Pro.jpg,8.5,36,385,soyimage,8,5
WIN_20250730_19_29_05_Pro.jpg,8.6,37,386,soyimage,8,5
WIN_20250730_19_29_06_Pro (2).jpg,8.6,37,388,soyimage,8,5
WIN_20250730_19_29_06_Pro.jpg,8.5,39,385,soyimage,8,5
WIN_20250730_19_29_07_Pro (2).jpg,8.6,36,391,soyimage,8,5
WIN_20250730_19_29_09_Pro (2).jpg,9.2,35,394,soyimage,8,5
WIN_20250730_19_29_10_Pro.jpg,8.7,36,393,soyimage,8,5
WIN_20250730_19_29_12_Pro (2).jpg,8.6,36,385,soyimage,8,5
WIN_20250730_19_29_12_Pro.jpg,8.7,36,390,soyimage,8,5
WIN_20250730_19_29_13_Pro (2).jpg,8.3,42,374,soyimage,8,5
WIN_20250730_19_29_13_Pro.jpg,8.5,40,382,soyimage,8,5
WIN_20250730_19_29_14_Pro.jpg,8.2,45,372,soyimage,8,5
WIN_20250730_19_29_15_Pro (2).jpg,8.1,49,368,soyimage,8,5
WIN_20250730_19_29_15_Pro.jpg,8.2,44,371,soyimage,8,5
WIN_20250730_19_29_16_Pro.jpg,8.2,50,371,soyimage,8,5
WIN_20250730_19_29_17_Pro (2).jpg,8.2,54,370,soyimage,8,5
WIN_20250730_19_29_17_Pro.jpg,8.2,55,371,soyimage,8,5
WIN_20250730_19_29_18_Pro.jpg,8.2,53,370,soyimage,8,5
WIN_20250730_19_29_19_Pro (2).jpg,8.3,44,374,soyimage,8,5
WIN_20250730_19_29_19_Pro.jpg,8.2,49,372,soyimage,8,5
WIN_20250730_19_29_20_Pro.jpg,8.3,46,377,soyimage,8,5
WIN_20250730_19_29_21_Pro.jpg,8.3,42,375,soyimage,8,5
WIN_20250730_19_29_22_Pro.jpg,8.6,40,380,soyimage,8,5
WIN_20250730_19_29_23_Pro (2).jpg,8.5,36,383,soyimage,8,5
WIN_20250730_19_29_23_Pro.jpg,8.4,38,381,soyimage,8,5
WIN_20250730_19_29_24_Pro.jpg,8.6,37,388,soyimage,8,5
WIN_20250730_19_29_26_Pro (2).jpg,8.6,35,389,soyimage,8,5
WIN_20250730_19_29_26_Pro.jpg,8.7,36,392,soyimage,8,5
WIN_20250730_19_29_27_Pro.jpg,8.6,36,389,soyimage,8,5
WIN_20250730_19_29_28_Pro.jpg,8.6,35,389,soyimage,8,5
WIN_20250730_19_29_29_Pro (2).jpg,8.5,39,381,soyimage,8,5
WIN_20250730_19_29_29_Pro.jpg,8.6,37,385,soyimage,8,5
WIN_20250730_19_29_31_Pro.jpg,8.4,39,378,soyimage,8,5
